{
  "config": {
    "input_csv": "/Users/faith/Desktop/Voxelomics-offline/backend/diagnosticore-service/output/pathfoundation_tp53_200/case_predictions.csv",
    "output_csv": "/Users/faith/Desktop/Voxelomics-offline/backend/diagnosticore-service/output/pathfoundation_tp53_200/case_predictions_calibrated_platt.csv",
    "method": "platt",
    "fit_split": "val",
    "decision_threshold": 0.5,
    "seed": 42
  },
  "raw_metrics_by_split": {
    "test": {
      "n": 50.0,
      "positive_rate": 0.4,
      "accuracy": 0.72,
      "precision": 0.65,
      "recall": 0.65,
      "specificity": 0.7666666666666667,
      "f1": 0.65,
      "balanced_accuracy": 0.7083333333333334,
      "roc_auc": 0.77,
      "average_precision": 0.7083413072873412,
      "brier_score": 0.19325586999295996,
      "ece_10": 0.10849864000000001
    },
    "train": {
      "n": 100.0,
      "positive_rate": 0.34,
      "accuracy": 0.97,
      "precision": 0.9428571428571428,
      "recall": 0.9705882352941176,
      "specificity": 0.9696969696969697,
      "f1": 0.9565217391304348,
      "balanced_accuracy": 0.9701426024955437,
      "roc_auc": 0.9919786096256685,
      "average_precision": 0.981491690975888,
      "brier_score": 0.09445972738098998,
      "ece_10": 0.25159594999999996
    },
    "val": {
      "n": 50.0,
      "positive_rate": 0.36,
      "accuracy": 0.76,
      "precision": 0.6875,
      "recall": 0.6111111111111112,
      "specificity": 0.84375,
      "f1": 0.6470588235294118,
      "balanced_accuracy": 0.7274305555555556,
      "roc_auc": 0.8836805555555556,
      "average_precision": 0.8032331072875449,
      "brier_score": 0.15651664435758,
      "ece_10": 0.14666105999999995
    }
  },
  "calibrated_metrics_by_split": {
    "test": {
      "n": 50.0,
      "positive_rate": 0.4,
      "accuracy": 0.64,
      "precision": 0.75,
      "recall": 0.15,
      "specificity": 0.9666666666666667,
      "f1": 0.24999999999999997,
      "balanced_accuracy": 0.5583333333333333,
      "roc_auc": 0.77,
      "average_precision": 0.7083413072873412,
      "brier_score": 0.20820516360342,
      "ece_10": 0.13791082
    },
    "train": {
      "n": 100.0,
      "positive_rate": 0.34,
      "accuracy": 0.82,
      "precision": 1.0,
      "recall": 0.47058823529411764,
      "specificity": 1.0,
      "f1": 0.6399999999999999,
      "balanced_accuracy": 0.7352941176470589,
      "roc_auc": 0.9919786096256685,
      "average_precision": 0.981491690975888,
      "brier_score": 0.14688661838756,
      "ece_10": 0.33329654
    },
    "val": {
      "n": 50.0,
      "positive_rate": 0.36,
      "accuracy": 0.68,
      "precision": 1.0,
      "recall": 0.1111111111111111,
      "specificity": 1.0,
      "f1": 0.19999999999999998,
      "balanced_accuracy": 0.5555555555555556,
      "roc_auc": 0.8836805555555556,
      "average_precision": 0.8032331072875449,
      "brier_score": 0.18652675945328004,
      "ece_10": 0.14931776
    }
  }
}